{
  "num_actions": 4,
  "alpha": 0.12,
  "gamma": 0.94,
  "epsilon": 0.8248725148862027,
  "epsilon_decay": 0.9995,
  "epsilon_min": 0.05,
  "state_to_id": {
    "[2,0,3,0,2,0,0,3]": 0,
    "[1,0,0,0,2,0,0,3]": 1,
    "[1,1,0,0,2,0,0,3]": 2,
    "[0,1,0,0,2,0,0,3]": 3,
    "[2,0,3,0,2,1,0,3]": 4,
    "[1,0,0,0,2,1,0,3]": 5
  },
  "q_table": {
    "0": [
      1.6626848501760003,
      1.4880531836928,
      0.0,
      2.762428659272909
    ],
    "1": [
      5.785272622940159,
      2.68848018604032,
      1.4178700205190504,
      1.4927606187539497
    ],
    "2": [
      0.4248268800000001,
      0.48959999999999987,
      2.324045089707896,
      1.6127818197847643
    ],
    "3": [
      3.2171328,
      0.0,
      1.2096,
      1.212
    ],
    "4": [
      1.9643007728025599,
      2.1564567881416696,
      3.27472617123781,
      0.8680647168000001
    ],
    "5": [
      2.1053703167999998,
      4.31942297812992,
      2.8865746649087995,
      0.5918630399999998
    ]
  },
  "schema_version": 2
}