{
  "num_actions": 4,
  "alpha": 0.12,
  "gamma": 0.94,
  "epsilon": 0.6296482464417756,
  "epsilon_decay": 0.9995,
  "epsilon_min": 0.05,
  "state_to_id": {
    "[2,0,3,0,2,0,0,3]": 0,
    "[1,0,0,0,2,0,0,3]": 1,
    "[1,1,0,0,2,0,0,3]": 2,
    "[0,1,0,0,2,0,0,3]": 3,
    "[2,0,3,0,2,1,0,3]": 4,
    "[1,0,0,0,2,1,0,3]": 5
  },
  "q_table": {
    "0": [
      11.76406961145685,
      12.157854345315952,
      13.08423047332375,
      11.357512956813155
    ],
    "1": [
      11.823376772712052,
      11.080960752788535,
      10.650743659608247,
      10.810934175745063
    ],
    "2": [
      12.50893577065525,
      10.369693749424398,
      10.98526507247612,
      13.665254779367748
    ],
    "3": [
      9.736193168685611,
      5.972376476663808,
      7.28638059418865,
      5.972376476663808
    ],
    "4": [
      14.145320593090325,
      16.60500408099622,
      17.455187459032768,
      15.37376752803903
    ],
    "5": [
      11.737515318757303,
      13.76417590531424,
      11.66911295103281,
      11.81498800231782
    ]
  },
  "schema_version": 2
}