{
  "num_actions": 4,
  "alpha": 0.12,
  "gamma": 0.94,
  "epsilon": 0.8335814958355855,
  "epsilon_decay": 0.9995,
  "epsilon_min": 0.05,
  "state_to_id": {
    "[2,0,3,0,2,0,0,3]": 0,
    "[1,0,0,0,2,0,0,3]": 1,
    "[1,1,0,0,2,0,0,3]": 2,
    "[0,1,0,0,2,0,0,3]": 3,
    "[2,0,3,0,2,1,0,3]": 4,
    "[1,0,0,0,2,1,0,3]": 5
  },
  "q_table": {
    "0": [
      0.4574630400000001,
      0.0,
      1.94292943060009,
      2.7746746665947084
    ],
    "1": [
      2.755297615872,
      5.229525556420285,
      0.15012483686399997,
      4.219063517184001
    ],
    "2": [
      1.3424210687999998,
      0.48959999999999987,
      0.4248268800000001,
      0.7681728368640002
    ],
    "3": [
      1.212,
      0.0,
      2.2764480000000002,
      0.0
    ],
    "4": [
      0.0,
      1.7479219619020794,
      0.9213408430079997,
      0.0
    ],
    "5": [
      1.5357620735999995,
      1.0346176245836018,
      0.0,
      0.0
    ]
  },
  "schema_version": 2
}