{
  "num_actions": 4,
  "alpha": 0.12,
  "gamma": 0.92,
  "epsilon": 0.08,
  "epsilon_decay": 0.999,
  "epsilon_min": 0.08,
  "state_to_id": {
    "[2,1,2,0,0]": 0,
    "[1,1,2,0,0]": 1,
    "[0,1,2,0,0]": 2,
    "[0,1,2,1,0]": 3,
    "[0,1,2,2,0]": 4,
    "[0,1,2,3,0]": 5,
    "[1,1,2,3,0]": 6,
    "[1,0,2,3,0]": 7,
    "[1,0,2,1,0]": 8,
    "[1,1,2,1,0]": 9,
    "[1,0,2,0,0]": 10,
    "[0,0,2,0,0]": 11,
    "[0,0,2,1,0]": 12,
    "[2,0,2,0,0]": 13,
    "[1,0,2,2,0]": 14,
    "[1,1,1,0,1]": 15,
    "[1,0,1,0,1]": 16,
    "[1,1,0,0,1]": 17,
    "[1,0,0,0,1]": 18,
    "[2,1,2,2,0]": 19,
    "[2,1,2,3,0]": 20,
    "[1,1,2,2,0]": 21,
    "[2,1,1,0,1]": 22,
    "[2,1,0,0,1]": 23,
    "[0,1,1,0,1]": 24,
    "[0,1,0,0,1]": 25,
    "[1,1,0,0,0]": 26,
    "[2,0,2,1,0]": 27,
    "[2,0,2,3,0]": 28,
    "[2,0,2,2,0]": 29,
    "[2,1,2,1,0]": 30,
    "[2,0,0,0,0]": 31,
    "[2,0,0,1,0]": 32,
    "[2,1,0,0,0]": 33,
    "[2,1,0,1,1]": 34,
    "[2,1,0,3,1]": 35,
    "[2,1,0,3,0]": 36,
    "[2,0,0,3,0]": 37,
    "[2,0,0,2,0]": 38,
    "[0,1,0,0,0]": 39,
    "[0,1,0,2,0]": 40,
    "[0,1,0,3,0]": 41,
    "[1,1,0,3,0]": 42,
    "[1,1,0,2,0]": 43,
    "[2,1,0,2,0]": 44,
    "[2,1,1,0,0]": 45,
    "[0,0,2,3,0]": 46
  },
  "q_table": {
    "0": [
      -4.033521371578737,
      -4.720931261721571,
      -4.3312357632590555,
      -4.59820276315685
    ],
    "1": [
      4.095521438184573,
      4.8060998354832085,
      4.205758345568625,
      4.556343497570729
    ],
    "2": [
      0.2875445742608596,
      -0.001947749313075297,
      -0.22786454938626166,
      -0.056207179706016186
    ],
    "3": [
      0.2586587099604202,
      1.8467916362602566,
      0.1644412515795637,
      0.06624000000000001
    ],
    "4": [
      0.0,
      0.05420242693843287,
      0.0,
      0.0
    ],
    "5": [
      0.0,
      0.8015543871481577,
      0.319044096,
      0.089604096
    ],
    "6": [
      2.4690114691663565,
      4.3791246731041165,
      1.681552502252524,
      2.8225610351707138
    ],
    "7": [
      0.07664112627450609,
      0.0,
      0.0,
      0.0
    ],
    "8": [
      0.4295205356306729,
      1.1460769486779976,
      0.18035805464612417,
      0.07556870580805691
    ],
    "9": [
      3.7592545684479552,
      0.0,
      0.9311943942106766,
      -0.0027483646552234897
    ],
    "10": [
      0.18122483632963585,
      4.945685023433572,
      0.10130687444423128,
      0.18079420062920698
    ],
    "11": [
      0.0,
      0.1583137807480901,
      0.02452256818560203,
      0.03902411012831013
    ],
    "12": [
      0.0,
      0.0021976418840980406,
      0.0,
      0.019715077192125903
    ],
    "13": [
      -0.2849801215135802,
      -0.3494676454936261,
      -0.5320749690328991,
      -0.5771050638124509
    ],
    "14": [
      0.0,
      0.0,
      0.03568961031754082,
      0.0
    ],
    "15": [
      -0.9084883156992,
      -0.2705342620080533,
      -0.408,
      -0.870385152
    ],
    "16": [
      0.0,
      0.0,
      0.0,
      0.0
    ],
    "17": [
      -6.265099898879999,
      -3.0554879999999995,
      -2.3759999999999994,
      -4.6947456
    ],
    "18": [
      0.0,
      0.0,
      0.14119679999999998,
      0.0
    ],
    "19": [
      0.023704168029131587,
      1.327934030856392,
      0.12808332164364397,
      0.0
    ],
    "20": [
      0.8379586201482246,
      0.21657201207305432,
      0.0,
      0.9864953782446148
    ],
    "21": [
      1.466328209683167,
      5.585254538776985,
      3.881595651606487,
      1.157222854092979
    ],
    "22": [
      -8.998556918870953,
      -8.622140934576585,
      -8.707933906812535,
      -9.238261844509598
    ],
    "23": [
      -15.146080149636377,
      -15.508117597066194,
      -15.565362309721563,
      -15.36877140466729
    ],
    "24": [
      -0.48,
      -0.48,
      -0.35904681984000003,
      -0.48
    ],
    "25": [
      -2.88,
      -2.28,
      -4.56597479424,
      -2.88
    ],
    "26": [
      0.0,
      -1.142619648,
      0.0,
      -2.592
    ],
    "27": [
      0.029092524590657073,
      0.04474181157733548,
      0.05332117655214075,
      0.11322066775189862
    ],
    "28": [
      0.09738040025063684,
      0.10454684755704109,
      0.10265595721157636,
      0.08832758980949293
    ],
    "29": [
      -0.29299325949528277,
      0.09454404063089893,
      0.08335181136315445,
      0.09708608566938097
    ],
    "30": [
      0.0,
      0.35906217258949286,
      -0.014758438168183452,
      0.016741150291821164
    ],
    "31": [
      0.0,
      0.0,
      0.0,
      0.0
    ],
    "32": [
      0.0,
      0.0,
      0.0,
      0.0
    ],
    "33": [
      -2.88,
      -2.88,
      -2.88,
      0.0
    ],
    "34": [
      0.0,
      0.0,
      0.0,
      0.0
    ],
    "35": [
      0.0,
      0.0,
      0.0,
      0.0
    ],
    "36": [
      0.0,
      0.0,
      0.0,
      0.0
    ],
    "37": [
      0.0,
      0.0,
      0.0,
      0.0
    ],
    "38": [
      0.0,
      0.0,
      0.0,
      0.0
    ],
    "39": [
      0.0,
      0.0,
      0.0,
      1.2828204441599993
    ],
    "40": [
      0.0,
      0.0,
      0.0,
      0.0
    ],
    "41": [
      0.864,
      0.0,
      0.0,
      0.0
    ],
    "42": [
      0.0,
      0.096,
      0.0,
      0.0
    ],
    "43": [
      0.0,
      0.0,
      0.6240000000000002,
      0.0
    ],
    "44": [
      0.0,
      0.0,
      0.0,
      0.0
    ],
    "45": [
      0.0,
      0.0,
      0.0,
      0.0
    ],
    "46": [
      0.0,
      0.09032710169667194,
      0.0,
      0.0
    ]
  }
}